xp_per_min,tower_damage,stuns,lh30,lh20,lh10,last_hits,kills,hero_healing,hero_damage,gold_per_min,denies,deaths,dmg_received,dmg_dealt,buybacks,assists,level,duration,match_id,start_time,win,hero_id,account_id,leaguename
992,5600,0,222,134,44,231,11,0,39920,562,15,7,43221,39920,1,10,25,2041,5202719893,1579417504,false,113,158659942,Asian DOTA2 Gold Occupation  Competition
953,7765,121.781,315,144,50,850,20,0,125143,992,20,11,100121,125143,3,18,25,3964,4954312190,1565254736,true,113,191364625,Asian DOTA2 Gold Occupation Invitational Competition S3
928,2193,0,307,150,38,398,14,0,50880,835,7,5,47140,50880,1,8,25,2384,5068844009,1571039844,false,113,136335606,ASIA CHALLENGER LEAGUE
922,13900,0,329,157,37,390,13,0,38993,920,11,5,25421,38993,1,11,25,2032,5072913223,1571300531,true,113,1032760693,ASIA CHALLENGER LEAGUE
899,2245,0,256,131,38,399,17,0,66303,793,17,5,55467,66303,1,11,25,2617,4631286965,1554786080,false,113,194673410,CHINA FUTURE  CUP
894,7791,15.5195,245,141,45,265,19,0,49976,907,13,3,30796,49976,1,12,25,1918,5740834388,1607865455,true,113,1055411613,YouTube SIVVIT - Big Russian Show
879,5904,0,263,165,48,313,7,0,35827,787,9,8,31107,35827,1,16,25,2006,5733803043,1607410805,true,113,218522118,The Crown Cup
872,6922,71.0732,354,205,72,761,9,0,80496,855,12,7,75022,80496,2,19,25,3597,5109787630,1573548286,true,113,139212407,Asian DOTA2 Gold Occupation  Competition
871,13449,0,273,137,51,460,24,0,79843,953,17,5,63640,79843,1,19,29,2681,5587708701,1598554023,true,113,86745912,OMEGA League
868,9475,0,280,148,55,489,25,0,115817,898,15,13,87296,115817,1,9,25,2936,4993801114,1567064708,false,113,283503694,Asian DOTA2 Gold Occupation Invitational Competition S3
836,2758,0,279,126,29,435,5,0,28081,744,9,6,39071,28081,1,4,25,2480,4904924732,1563187756,false,113,248300049,joinDOTA League #16
827,669,0,83,45,19,162,13,0,35351,558,8,14,54075,35351,1,12,25,2388,4934085035,1564412642,false,113,240029997,FUN MATCH LEAGUE
825,5685,15.2854,288,195,57,407,17,0,58188,852,8,4,38329,58188,1,8,25,2353,4967721543,1565844748,true,113,94054712,The International 2019
823,5259,0,339,189,66,699,12,730,85923,837,2,4,98180,85923,1,7,29,3369,5248596319,1582014568,true,113,1058098132,Asia Challenger league
817,5384,22.8779,243,145,56,336,10,0,31621,786,20,5,27029,32716,1,12,25,2458,4136594429,1537873354,true,113,201594424,DreamLeague Season 10
815,3977,0,324,164,51,526,14,0,66217,826,17,4,68874,66217,1,24,26,2740,5742837345,1607999701,false,113,110583422,BTS Dota 2 Online
812,27954,0,337,160,67,720,17,0,144838,937,15,2,90261,144838,1,12,30,3621,5650547948,1602301866,true,113,131303632,4D ESPORTS
811,19263,109.083,277,128,54,766,15,0,118703,804,14,8,154621,118703,2,15,28,4258,5795785100,1611206706,false,113,262367336,Asian Blood Roded Championship
801,3918,0,288,115,47,688,13,0,100888,839,27,3,86550,100888,1,15,25,3445,4715502233,1556882923,false,113,343797829,TNG League 1
798,2175,8.46226,241,118,47,495,13,0,57790,807,16,3,47685,57790,1,11,25,3100,5066509444,1570905597,false,113,109255806,CUP OF THE ANCIENTS 2.0
790,9205,20.2021,315,164,53,380,13,0,26411,843,22,1,19778,26411,1,15,24,2110,5556241463,1596787213,true,113,177804322,Oceanic Esports Dota League Season 2
789,22001,30.5903,295,155,51,1025,22,0,129112,1063,19,6,175239,129112,2,12,30,4820,5585434625,1598429065,false,113,177804322,Oceanic Esports Dota League Season 2
789,6632,44.2913,257,138,43,428,11,0,58193,859,10,7,52164,58193,2,17,25,2599,5047407162,1569815630,true,113,1025744545,Asian DOTA2 Gold Occupation Invitational Competition S3
788,19594,0,295,171,60,563,14,0,103357,918,17,2,88647,103357,1,16,27,2975,5595904418,1598997217,true,113,110583422,OMEGA League
788,3672,56.0576,361,175,49,559,7,0,45447,858,14,2,22276,45447,1,11,25,2612,4933482162,1564397039,true,113,906563731,Betway Dota 2 Asia League - Season 2
787,8063,0,268,139,30,313,9,0,38839,633,9,3,28949,38839,1,12,24,2104,5316727884,1585305393,true,113,1042319032,RED STAR CUP
782,11235,39.936,352,186,61,582,9,0,92257,851,20,3,61210,92257,1,12,25,3013,4777955500,1558635131,true,113,97590558,StarLadder ImbaTV Dota2 Minor #2
779,2339,0,281,151,44,379,20,0,50773,824,21,6,35604,50846,1,12,25,2377,4182995401,1540302093,true,113,230328929,Autumn Cup
778,10153,17.5929,258,120,35,486,9,0,49604,772,18,13,56785,49604,1,12,25,2914,5003346152,1567487409,false,113,995062523,Asian DOTA2 Gold Occupation Invitational Competition S3
778,5131,110.358,249,135,51,850,10,0,87909,951,20,3,161634,87909,2,14,30,3860,5817055171,1612414960,false,113,118233883,DPC Winter 21 League (SEA) presented by PGL
775,14049,12.2842,241,136,50,926,14,0,144289,964,15,6,140586,144289,3,20,30,5061,5621019809,1600504013,false,113,389022189,BTS Dota 2 Online
773,11818,38.4313,322,188,62,432,11,0,49500,819,14,3,33046,49500,1,11,25,2355,4925748555,1564100243,true,113,94004717,DOTA Summit 10
773,9723,48.088,324,168,44,724,21,0,55586,955,18,5,44037,55586,2,16,25,3372,4894322762,1562703217,true,113,94004717,The International 2019
772,2461,0,309,174,55,405,7,0,36341,721,8,4,38449,36341,1,8,25,2257,5001575382,1567396751,false,113,432546468,ASIA CHALLENGER LEAGUE
767,15051,40.6405,292,129,41,833,16,0,103036,957,13,10,95295,103036,1,33,25,4074,4857772290,1561213511,true,113,121769650,EPICENTER Major 2019
767,3741,0,266,175,45,275,7,0,43699,542,15,6,42066,43699,1,13,24,2029,5213436948,1580116564,false,113,225364949,Asian DOTA2 Gold Occupation  Competition
765,0,0,179,104,30,179,8,0,28470,585,12,13,45199,28470,1,15,23,1814,5025574618,1568630859,false,113,1001005037,Masters  Tournament
764,15654,48.048,326,188,65,572,18,0,122857,909,18,3,143602,122857,1,9,29,3377,5736944025,1607617455,false,113,389022189,BTS Dota 2 Online
763,15137,0,292,153,54,493,8,0,48244,880,26,4,58541,48244,1,9,27,2548,5679658464,1604121800,true,113,392565237,Monster Energy DOTA Summit 13 Online
761,3427,100.91,254,138,47,512,17,0,73358,801,12,5,55190,73358,1,7,25,3165,5115284807,1573912628,false,113,86745912,MDL Chengdu Major
759,11281,42.7722,272,119,40,736,14,0,109712,986,17,3,78695,109712,1,14,30,3622,5149992514,1576038705,true,113,202217968,WESG 2019-2020 Online Qualifiers
756,6713,0,273,144,47,468,10,0,47502,790,17,8,57724,47502,1,8,25,2953,4791483362,1559045448,true,113,105248644,ESL One Birmingham 2019 powered by Intel
755,10920,2.00674,342,182,72,747,7,0,65376,957,15,6,62855,65376,2,6,27,3157,5553803068,1596640242,false,113,99155835,OMEGA League
753,15709,0,314,138,46,648,10,0,54941,939,17,3,51032,54941,1,10,27,2729,5575846005,1597874784,true,113,43276219,OMEGA League
752,10472,36.6916,309,156,61,705,13,0,46468,893,14,5,55520,46468,1,12,27,3352,5832258651,1613196876,true,113,104758571,DPC Winter 21 League (SEA) presented by PGL
751,70,0,264,172,48,291,11,0,36099,669,10,6,31275,36099,1,10,23,1962,5003548535,1567499375,false,113,178894154,ASIA CHALLENGER LEAGUE
749,21008,91.0769,293,180,52,578,15,0,73943,930,16,2,63981,73943,1,14,28,2896,5762607593,1609222137,true,113,220154695,WCAA冬季电子竞技挑战赛
748,17846,2.4082,235,97,24,636,9,0,55018,847,5,7,55476,55018,1,9,28,3242,5680556826,1604159035,false,113,31388939,Dota Saudi League
747,5354,0,263,151,36,420,8,0,57000,711,15,8,51114,57000,1,13,25,2634,4928456073,1564210539,false,113,177909246,Betway Dota 2 Asia League - Season 2
747,2118,71.6735,283,125,41,616,5,0,88030,757,13,4,64961,88030,1,7,25,3448,4920264161,1563877412,false,113,118233883,Betway Dota 2 Asia League - Season 2
745,351,38.1299,267,153,52,385,3,0,26333,697,15,3,28760,26333,1,5,24,2278,5811658334,1612096036,false,113,227657377,DPC Winter 21 League (CN) presented by Perfect World
744,6882,0,282,125,44,497,12,0,61865,834,10,8,62537,61865,2,11,27,2840,5647499639,1602101515,false,113,131706718,4D ESPORTS
741,4290,0,216,112,33,342,12,0,40008,768,8,6,17663,40008,1,14,25,2291,4155279376,1538832521,true,113,170343586,YouTube SIVVIT - Big Russian Show
741,1206,31.3401,304,177,52,444,10,0,48946,711,22,2,52098,48946,1,11,25,2677,4918753490,1563805361,false,113,193178137,joinDOTA League #16
740,14886,0,293,168,48,332,8,0,33090,774,10,5,32650,33090,1,5,23,2085,5655501689,1602608726,true,113,119315361,4D ESPORTS
740,8516,92.4125,220,118,33,676,18,0,69425,885,18,5,71075,69425,2,7,25,3930,3817971955,1522952917,false,113,114070719,CZ-SK Dota 2 League Season 10
739,8660,5.25112,319,174,56,764,11,0,80274,848,38,7,93864,80274,2,17,29,3980,5363038222,1587194050,true,113,953730230,Amadeus Cup
739,5516,0,324,130,38,603,12,0,57881,809,14,7,52712,57881,2,10,25,3123,5071417483,1571202174,false,113,1032760693,ASIA CHALLENGER LEAGUE
735,6246,0,234,121,38,459,18,0,62073,843,19,4,39752,62073,1,9,25,2740,4946963692,1564924570,true,113,192230105,YouTube SIVVIT - Big Russian Show
734,12274,17.5598,283,159,54,286,4,0,24163,768,15,1,13695,24163,1,15,22,1812,5040906943,1569471207,true,113,995062523,Asian DOTA2 Gold Occupation Invitational Competition S3
731,7213,95.3796,273,136,41,482,9,0,55914,793,9,3,60869,55914,1,12,25,2819,4637334699,1554913708,false,113,107579895,Mekansm League
730,3569,35.1865,241,119,51,389,14,395,62576,764,6,7,46636,62932,1,21,25,2869,4161575947,1539159509,true,113,176996872,Asia Pro League
727,5367,0,314,150,44,528,7,0,41644,753,15,5,50242,41644,1,6,26,2962,5623465268,1600619162,false,113,97590558,AMD SAPPHIRE OGA DOTA PIT EU/CIS
724,18670,148.491,288,146,54,728,12,0,108991,878,16,6,145020,108991,3,18,28,4108,5780120003,1610259339,false,113,227657377,DPC Winter 21 Qualifier (CN) presented by Perfect World
723,4646,0,258,142,50,597,12,372,68209,828,12,4,64365,68209,1,19,28,3180,5703472384,1605521918,false,113,277141004,CDA-FDC富名文贺DOTA2职业锦标赛
721,20234,0,250,136,49,644,15,0,66361,863,14,3,111365,66361,1,9,29,3817,5780874473,1610291913,true,113,291347808,DPC Winter 21 Qualifier (CIS) presented by ESL One
721,11042,5.78637,232,132,49,328,10,0,57351,587,2,4,49005,57351,1,14,25,2595,5476450588,1592486085,false,113,58513047,Beyond Epic League
721,4332,37.7954,237,121,42,650,7,0,65061,847,13,9,79667,65061,2,16,28,3230,5819814409,1612583134,false,113,911484384,WCAA冬季电子竞技挑战赛
720,7106,0,290,155,58,460,7,0,51333,841,22,3,25388,51333,2,7,25,2519,4855151893,1561120095,true,113,265782024,Meister Division 2019
718,12242,48.6323,329,184,61,684,11,0,49855,990,5,2,61083,49855,1,12,28,3014,5781650262,1610344776,true,113,389033587,DPC Winter 21 Qualifier (SEA) presented by PGL
718,9155,0,244,131,32,649,12,0,78518,817,14,9,91027,78518,3,18,28,3636,5576524415,1597923931,false,113,206960035,Oceanic Esports Dota League Season 2
715,10995,0,284,137,46,382,3,0,38764,712,19,3,24925,38764,1,13,25,2491,5687100406,1604520047,true,113,431770905,Epic League
714,4946,0,202,107,43,523,9,0,33580,768,15,4,38708,33580,1,4,25,3197,4524659414,1552422287,false,113,345977149,GGWP.OZ
714,2438,21.0718,274,115,43,532,10,0,46612,715,17,7,48628,46612,1,8,25,2998,3469744546,1506543242,false,113,95430068,Perfect World Masters
714,1563,0,228,130,56,379,12,0,43723,720,30,5,40090,43723,1,5,25,2428,4859704889,1561288098,false,113,137193239,EPICENTER Major 2019
713,8122,19.8007,288,151,66,467,11,308,52563,828,12,6,63057,52563,1,10,27,2864,5643829904,1601884980,true,113,188037232,LPL Pro Dota 2 Season 3 2020
713,8110,4.51538,233,132,45,425,8,0,61665,772,7,3,51818,61665,1,12,26,2727,5576922185,1597939666,false,113,167976729,Glory of the summer
713,7839,51.5374,239,141,48,419,19,0,76787,865,11,6,56141,76787,1,6,28,2680,5775169206,1609963913,true,113,411699644,DPC Winter 21 Qualifier (SA) presented by OGA
713,7453,53.3149,258,109,42,389,14,0,59759,729,8,9,53055,59759,1,10,25,2636,5692460741,1604836834,false,113,133558180,Motivation Cup by Moon Studio
713,7271,46.1907,242,123,51,436,13,0,41489,721,7,8,50437,41489,1,9,26,2953,5621234990,1600514088,false,113,188574954,Sazka eLEAGUE - Split2
712,7293,50.4138,284,155,59,632,13,0,88957,890,15,6,78986,88957,2,8,25,3474,4792776522,1559088334,true,113,110583422,Tug of War: Dire
712,6801,0,374,195,42,595,6,0,53763,709,11,5,58064,53763,1,3,25,2674,5442139631,1590760772,false,113,94054712,ESL One Birmingham 2020 Online powered by Intel
711,9713,161.826,227,125,58,572,12,0,52943,867,5,6,46445,52943,2,13,27,2983,5776701068,1610060413,false,113,107579895,DPC Winter 21 Qualifier (SA) presented by OGA
711,1483,0,143,89,41,221,15,0,32749,623,7,7,58384,32749,1,9,25,2578,4129260117,1537530696,false,113,86738694,The Kuala Lumpur Major
708,7967,0,241,124,64,437,15,0,65665,735,30,6,66396,65665,1,16,25,3286,3751560699,1519531748,true,113,199133117,GESC: Indonesia
707,7889,59.1589,279,150,58,631,14,0,89629,896,13,5,70155,89629,3,16,25,3431,5098093379,1572795845,false,113,78937420,Dotabuff Reach - Pinnacle Division
705,6388,0,232,128,38,426,13,0,46953,774,18,7,35969,46953,1,9,25,2782,5049733948,1569942013,true,113,173119479,QCF.kz
704,22633,29.4336,291,170,61,707,4,0,52800,976,16,2,72386,52800,1,10,27,2969,5760017687,1609065675,true,113,136177710,虎牙DOTA2冬季邀请赛
704,14787,0,283,166,68,594,18,0,89618,957,11,3,75105,89618,1,16,25,3000,4996643142,1567182559,true,113,454214077,QCF.kz
704,5582,0,234,121,38,444,11,0,56169,807,11,5,55053,56169,1,10,25,2854,4599041880,1554111706,false,113,181716137,MDL Disneyland® Paris Major
704,2758,0,252,140,41,364,12,0,37588,688,16,9,51069,37588,1,9,26,2689,5661992128,1603023781,false,113,451204586,YouTube SIVVIT - Big Russian Show
703,25376,0,210,101,41,1032,12,0,131073,1031,16,6,154538,131073,2,19,30,4558,5780874943,1610291928,false,113,126439941,DPC Winter 21 Qualifier (CIS) presented by ESL One
702,1918,45.6555,370,183,52,560,4,0,32819,848,32,4,55284,32819,1,3,25,2557,4202947333,1541321965,false,113,44398065,Singapore Esports League
701,21007,0.232227,217,96,25,662,14,0,78979,719,17,8,174650,78979,3,26,25,5146,4844168295,1560699018,true,113,202128398,E-SPORT LEAGUE-DICKYGAMING
701,14000,56.6814,270,155,55,589,15,0,111519,894,10,5,113180,118083,2,13,27,3302,5676696951,1603965164,true,113,137193239,CDA-FDC富名文贺DOTA2职业锦标赛
699,11475,0,174,77,35,366,11,0,62038,712,42,11,43768,62038,1,20,25,3048,4346367010,1547930891,true,113,382610839,"ABOY PRO GAMING LEAGUE "
699,4219,0,251,107,35,388,9,0,39101,778,4,4,26366,39101,2,19,25,2598,3766823904,1520331167,true,113,107803494,PGL BUCHAREST MAJOR 2018
698,18454,51.4539,312,150,51,721,11,0,62176,950,18,2,66976,62176,1,20,29,3341,5792208865,1610972186,true,113,91369376,DPC Winter 21 League (SEA) presented by PGL
697,6337,0,229,120,30,335,15,0,60095,611,13,6,43220,60095,1,10,25,2411,5203246826,1579443602,true,113,202217968,DreamLeague Season 13
696,11804,104.052,318,194,61,817,15,0,77727,907,19,6,90625,77727,2,12,25,4300,4141707040,1538147332,true,113,94786276,ESL One Hamburg 2018 powered by Intel
696,2438,0,251,118,39,419,2,0,49168,674,12,2,61039,49168,1,4,25,2763,5149938028,1576033337,false,113,202217968,WESG 2019-2020 Online Qualifiers
694,9840,28.631,283,170,70,488,14,0,68879,832,6,4,49605,68879,1,9,25,2891,5069900619,1571098191,false,113,424116521,CUP OF THE ANCIENTS 2.0
693,8794,0,257,125,50,618,19,0,91617,861,22,7,54458,93328,2,14,25,3523,4765167804,1558254846,true,113,120901780,ESL AUNZ Championship Season 3 (2019)
693,6631,0,302,189,59,362,15,0,45882,654,15,4,45592,45882,1,8,24,2246,5284572326,1583822209,false,113,337575662,Hainan Master Spring Invitational
690,11594,43.8825,276,158,55,622,9,0,55873,881,22,3,88404,55873,1,4,26,3075,5646317446,1602035230,false,113,173971950,4D ESPORTS
690,5255,49.4929,171,98,45,499,20,0,64689,753,18,8,82484,64689,2,20,25,3681,3667119344,1515377687,true,113,36343070,ESL One Katowice 2018 powered by Intel
689,9008,2.57503,281,143,47,627,8,0,67166,759,10,4,68269,67166,1,6,25,3616,3453678774,1505834787,false,113,94054712,PGL DOTA2 OPEN
689,4153,118.825,279,153,51,896,10,0,129694,857,20,6,82375,129694,1,25,25,4046,4930887344,1564297468,false,113,906563731,Betway Dota 2 Asia League - Season 2
688,10787,0,286,160,50,434,10,0,49810,826,6,6,42300,49810,1,16,25,2560,5651227760,1602341283,true,113,116585378,ESL One Germany 2020 Online powered by Intel
687,6918,7.01196,226,138,46,441,15,0,71845,715,9,9,59972,74070,1,20,28,3114,5155625387,1576400900,true,113,114919994,Season 4 2019: LPL Challenger Dota 2
687,3920,0,323,158,53,520,11,0,57690,855,16,3,31656,59060,1,3,25,2758,4123911989,1537236324,false,113,125581247,The Kuala Lumpur Major
687,1321,0,173,71,20,417,19,0,71621,752,10,12,70036,71621,2,9,25,3209,4877092704,1561980320,false,113,216345169,FUN MATCH LEAGUE
686,5913,73.2982,267,155,55,551,9,0,57001,844,30,4,42093,57001,1,11,25,3112,4806313591,1559487874,false,113,86745912,ESL One Birmingham 2019 powered by Intel
685,22662,0,305,131,37,592,9,0,57936,911,16,3,61116,57936,1,6,28,2943,5583982350,1598343182,true,113,154715080,ESL One Thailand 2020 Online powered by Intel
685,6289,40.8918,215,116,39,505,11,0,73352,816,29,7,59842,73352,1,22,25,3505,4359568493,1548394269,true,113,86745912,The Chongqing Major
685,3071,0,262,146,67,476,13,0,41967,768,22,3,40949,41967,1,9,25,2766,3327734953,1500663746,true,113,86725175,DreamLeague season 7
683,14691,0,263,124,34,585,12,0,85431,851,19,2,49401,85431,1,20,25,3250,5072837240,1571295151,true,113,137944511,VARENA赛事
683,2969,84.5981,210,109,42,547,11,0,88097,734,18,4,75414,88097,2,10,25,3853,4900437098,1562995860,false,113,88585077,The International 2019
682,8530,23.0856,267,120,49,481,13,0,47209,881,17,2,36758,47209,1,9,25,2667,4764765539,1558246200,true,113,104611628,VARENA赛事
682,2526,48.1445,185,102,30,530,14,0,43309,723,30,11,48223,43309,3,18,25,4082,4200095077,1541184270,true,113,143277900,"Russian Pro League "
681,10524,19.2047,208,100,34,587,12,0,52535,694,24,8,75596,52535,1,9,25,3976,3677050954,1515855627,true,113,19672354,PGL BUCHAREST MAJOR 2018
681,9150,0,255,137,40,506,16,0,57803,810,6,4,56644,57803,1,9,25,3219,4148376503,1538477383,true,113,152545459,Asia Pro League
681,2226,0,365,185,60,406,5,0,24650,702,15,6,37878,24650,1,5,23,2188,5098759621,1572843130,false,113,150588364,Masters  Tournament
680,12691,34.4838,224,134,41,429,10,0,49454,704,22,5,36202,49881,1,19,26,2649,5283794685,1583771147,true,113,392565237,"ESL SEA Championship "
679,6839,0,265,150,46,538,9,0,57920,835,8,4,52254,57920,1,13,27,2860,5574491737,1597794991,false,113,86822085,OMEGA League
679,4715,15.5864,276,114,30,632,12,0,56608,859,16,9,63767,56608,1,20,25,3273,5091823004,1572434390,false,113,139771064,ASIA CHALLENGER LEAGUE
678,6343,50.1274,259,161,59,549,11,0,42520,787,17,5,44196,42520,2,12,25,3554,4143707842,1538239865,true,113,86738694,ESL One Hamburg 2018 powered by Intel
678,4572,0,235,114,30,1005,13,0,64794,963,19,12,82180,64794,3,10,25,3883,5008771456,1567775546,false,113,332063855,DOTA 2 INDONESIA ONLINE PROFESSIONAL TOURNAMENT 2019
678,800,30.5708,311,153,43,637,4,0,30916,752,11,5,32097,30916,1,2,25,2669,4910014246,1563437012,false,113,208796906,中国DOTA2发展联赛
677,19197,0,365,171,59,943,7,0,57347,942,10,3,99846,57347,1,4,27,3456,5710233833,1605960546,true,113,358159432,"LIGA KBBD "
677,2146,0,122,49,11,399,25,0,111228,747,11,11,81001,111228,1,19,25,3374,4881417512,1562161643,false,113,235111454,E-SPORT LEAGUE-DICKYGAMING
675,12607,0,175,72,34,463,10,0,48514,794,16,5,47199,48514,1,19,27,2801,5462452491,1591715285,true,113,886144184,Russian Various League
673,10225,47.9058,304,156,45,611,12,0,51771,907,13,7,53009,51771,2,13,25,3232,4393662926,1549380492,true,113,97590558,DreamLeague Season 11
672,4916,35.4539,301,139,57,505,6,0,37851,821,17,2,46184,37851,1,2,24,2541,5708400679,1605852527,false,113,898754153,CDA-FDC富名文贺DOTA2职业锦标赛
672,4175,0,224,103,28,740,17,0,84557,810,12,10,74643,85354,4,27,25,4261,4198430300,1541099927,true,113,49382246,joinDOTA League #14
671,17818,0,255,135,39,632,12,0,84374,782,16,4,76051,84374,2,13,26,3380,5403651391,1588939345,false,113,106863163,2020 DPL-CDA中国DOTA2职业联赛
669,894,0,262,143,54,366,6,0,38063,680,14,7,59862,38063,1,7,24,2306,4791300748,1559041227,false,113,94054712,ESL One Birmingham 2019 powered by Intel
668,5156,42.9277,221,120,36,458,6,0,57685,720,21,5,55252,57685,1,14,25,3048,4949857811,1565045729,false,113,131303632,Dota2 Battle
667,6479,27.1689,249,119,41,600,11,0,85204,783,9,8,84726,85204,2,16,25,3561,5085894626,1572081872,false,113,104512126,"ESL Clash of Nations Bangkok 2019, presented by Mercedes-Benz"
666,5566,61.3608,297,122,44,803,10,0,48139,912,16,7,45278,48139,2,19,25,3607,4139796999,1538049856,true,113,89269794,World Electronic Sports Games 2018-2019
666,914,0,220,93,29,456,9,0,31674,749,11,8,38456,31674,1,7,25,2748,3620796674,1513389179,false,113,86725175,Dota Summit 8
665,9434,0,271,123,35,511,7,0,41662,748,6,6,58071,41662,1,5,26,3073,5831536331,1613152731,false,113,107579895,DPC Winter 21 League (SA) presented by OGA
664,8055,0,337,210,59,680,5,0,70694,882,34,5,46713,70694,1,10,25,3327,4908173960,1563346837,true,113,182325064,Radiance Cup
664,5085,0,270,163,56,341,8,0,27115,729,18,6,40653,27115,1,21,23,2222,5604879458,1599528485,false,113,110583422,BTS Dota 2 Online
664,2592,0,279,130,45,419,5,0,38131,741,7,5,33585,38131,1,12,24,2516,5734394212,1607442684,false,113,150862738,BTS Dota 2 Online
663,5673,0,233,131,38,749,13,0,76171,837,13,9,84838,76171,3,17,25,4210,4468916368,1551267597,true,113,148215639,ESL One Mumbai 2019 powered by Intel
662,5101,62.7422,275,136,44,690,12,0,80645,846,23,3,70714,80721,2,8,25,3896,4875616323,1561910016,true,113,105248644,EPICENTER Major 2019
660,7349,0,264,132,50,558,11,400,53731,803,19,4,49316,53731,1,5,25,2945,5749786796,1608444078,false,113,102185479,Perfect World League
660,5532,0,151,86,44,271,11,0,36795,669,34,4,28204,36795,1,20,25,2502,4189553356,1540643493,true,113,233596438,YouTube SIVVIT - Big Russian Show
660,3396,0,258,138,50,338,1,0,28887,666,9,3,35765,28887,1,5,23,2213,5740436319,1607846464,false,113,150862738,BTS Dota 2 Online
660,1137,0,188,109,38,367,7,0,63663,675,10,10,78855,63663,1,13,26,2748,5640794380,1601707660,false,113,182812711,Oceanic Esports Dota League Season 2
658,6887,158.966,299,170,67,783,16,0,134823,895,18,7,113551,134823,3,9,25,3809,4157102012,1538913114,false,113,376376587,Asia Pro League
658,3551,65.6022,301,144,47,605,8,0,71338,753,23,8,76357,71338,2,18,25,3513,4929368707,1564236323,false,113,95430068,Loot.bet/dota Season 1
657,7023,0,335,200,65,358,7,0,30147,649,18,7,39846,31359,1,6,22,2013,5249750169,1582079687,true,113,1009894221,RED STAR CUP
657,3313,48.532,336,187,61,654,3,0,40554,829,18,5,55997,40554,1,4,25,3100,5007106399,1567687513,false,113,332063855,DOTA 2 INDONESIA ONLINE PROFESSIONAL TOURNAMENT 2019
656,15419,0,300,145,51,646,17,0,47416,851,19,3,42842,47416,1,15,25,3248,3481719676,1507086832,true,113,86822085,AMD SAPPHIRE Dota PIT
656,3386,31.4068,260,157,46,425,8,0,46097,738,13,2,29571,46097,1,15,25,2798,4362012372,1548473605,true,113,119939006,APAC 2018 - Indonesia Qualifier
656,2172,83.9566,427,187,48,903,9,0,70114,899,17,5,76558,71425,1,8,25,3650,4927726799,1564173966,false,113,94004717,DOTA Summit 10
655,7966,39.7773,246,144,60,894,14,0,103446,807,32,7,116125,103446,4,22,25,5259,4195252584,1540925697,false,113,181716137,DreamLeague Season 10
654,14134,141.154,279,159,74,881,9,0,103228,715,34,4,113904,103228,2,25,25,5096,3473757920,1506741248,true,113,177416702,Perfect World Masters
654,2278,13.2786,297,132,32,367,7,0,35601,731,10,9,34770,35601,1,11,23,2200,5045908950,1569740728,false,113,136335606,Masters  Tournament
653,19797,70.6217,302,132,44,750,18,0,79616,1023,15,7,87296,79616,3,17,25,3685,5097028754,1572744595,true,113,131706718,Dotabuff Reach - Pinnacle Division
653,10212,100.083,305,163,65,908,15,0,126618,905,59,9,130028,126667,1,15,25,4685,4981810133,1566530474,true,113,105248644,The International 2019
652,21066,0,282,137,41,687,6,0,128438,620,15,6,136986,128438,3,10,25,5189,4971343154,1566027129,false,113,152545459,The International 2019
652,1020,0,237,123,43,394,8,0,48217,731,14,7,36294,48217,2,8,25,2608,4171170450,1539670278,false,113,91369376,Flame Cup
651,4247,149.968,307,158,50,941,10,0,109032,930,14,8,104541,109032,2,11,25,4678,4914266501,1563626873,false,113,100895600,redrain cup
650,3189,0,196,117,30,221,9,0,30742,515,13,8,38323,30742,1,7,21,1917,5283213136,1583753199,false,113,244058707,Asian DOTA2 Gold Occupation  Competition
650,798,0,160,87,38,281,9,0,50752,611,25,6,53216,50752,1,13,24,2446,4986237205,1566725993,false,113,425675948,Meister Division Rookies 2020
649,6521,16.0215,252,137,59,439,3,0,42215,764,17,3,32336,42215,1,5,24,2589,5635690120,1601382795,false,113,166458146,AMD SAPPHIRE OGA DOTA PIT CHINA
647,8992,1.62686,319,173,66,783,6,0,121061,869,16,5,130172,121061,2,7,26,3954,5663192560,1603102217,false,113,452376367,CDA-FDC富名文贺DOTA2职业锦标赛
646,12333,15.1853,282,146,50,512,2,0,58028,772,9,5,66243,58028,1,11,25,2944,5565907052,1597319764,false,113,150748346,OMEGA League
646,4602,0,300,177,58,308,9,0,32814,795,19,1,16647,32814,1,12,22,1894,4217766518,1542108473,true,113,86745912,The Kuala Lumpur Major
645,5084,0,277,140,41,606,7,0,47198,740,25,6,66228,47198,1,10,26,3380,5851360433,1614053873,false,113,877696078,WCAA Spring Festival cup
643,8424,75.6653,277,148,55,895,9,0,116698,917,12,6,92650,116698,1,4,25,4110,5074701202,1571407801,false,113,86822085,Corsair DreamLeague Season 12
643,3238,39.3677,272,126,43,521,9,0,60119,821,23,4,40969,60119,1,12,25,2920,4874722743,1561886170,true,113,105248644,EPICENTER Major 2019
642,6900,0,291,159,55,1018,13,0,120072,963,7,9,97660,120072,3,10,28,4403,5728076007,1607061747,false,113,149486894,AMD SAPPHIRE OGA DOTA PIT CHINA
642,6164,0,196,105,31,360,13,0,29835,750,36,8,30149,29835,1,17,25,2689,3837838436,1523984807,true,113,118247752,CZ-SK Dota 2 League Season 10
638,11617,0,279,130,31,483,4,0,37641,769,13,5,42960,37641,1,11,25,2819,5046168193,1569752311,false,113,1025744545,Asian DOTA2 Gold Occupation Invitational Competition S3
638,9399,5.58569,246,129,31,523,12,0,57426,877,9,4,32112,57426,1,10,27,2940,5601274985,1599322555,true,113,20603135,Sazka eLEAGUE - Split2
638,3741,0,160,104,35,519,11,0,79546,754,17,8,65426,79546,2,12,25,3523,5115111553,1573906119,false,113,255270668,Meister Division Pro 2020
638,2511,0,208,107,44,292,11,0,56160,537,19,8,41444,56160,1,11,24,2421,5264104351,1582811865,true,113,283503694,Asian DOTA2 Gold Occupation  Competition
637,7814,0,294,157,51,416,2,0,28234,735,19,5,30745,28234,1,5,23,2319,5595550391,1598976487,false,113,99155835,OMEGA League
637,6087,28.7311,250,151,49,553,6,0,47536,783,9,5,63706,47536,2,7,26,3077,5682028409,1604234004,false,113,137193239,CDA-FDC富名文贺DOTA2职业锦标赛
637,1889,0,214,89,32,509,10,0,58665,818,17,5,79667,58665,1,6,26,2856,5593540142,1598867761,false,113,154715080,ESL One Thailand 2020 Online powered by Intel
637,978,0,294,150,62,397,12,0,34552,701,13,7,35856,34552,1,10,25,2588,3463978369,1506273792,false,113,94054712,ESL One Hamburg 2017
633,10717,45.4226,252,143,48,561,11,0,46370,857,14,2,30597,46370,1,11,25,3210,4217581342,1542098561,true,113,154715080,The Kuala Lumpur Major
633,6647,37.1392,168,115,46,502,15,0,76032,648,14,5,80926,76032,1,29,25,3751,3527440319,1509190143,true,113,86822085,ESL One Hamburg 2017
633,5653,3.51953,264,127,45,673,9,0,50404,753,20,3,54022,50404,1,7,25,3594,3280170927,1498686344,false,113,86822085,The International 2017
633,4449,41.5415,255,109,25,335,11,0,30882,735,13,5,30244,30882,2,14,23,2375,5055282522,1570264230,true,113,102126005,Mountain Dew Arena 2019
632,3486,0,193,120,41,342,7,0,67245,525,9,9,77437,67245,1,13,25,2924,5212394371,1580048838,false,113,26717183,Dotabuff Reach - Pinnacle Division
630,11627,32.1707,254,130,38,558,2,0,41302,803,18,9,58883,41302,1,11,26,3208,5532270421,1595540122,false,113,94004717,The Great American Rivalry
630,3482,53.7134,176,101,43,481,9,0,73195,725,15,7,75424,73195,2,25,25,3450,4171615034,1539693399,false,113,181716137,DOTA Summit 9
629,6759,11.3721,99,50,16,262,5,0,30672,583,10,9,54227,30705,1,22,25,2936,4808856548,1559569946,true,113,240029997,TNG League 1
629,3620,0,242,139,47,370,6,0,39915,683,13,5,44551,39915,1,8,24,2486,5577427589,1597974503,false,113,110583422,OMEGA League
628,4447,0,283,136,41,427,11,0,42870,738,15,7,52250,42870,1,10,24,2570,5759635355,1609044518,false,113,102185479,WCAA冬季电子竞技挑战赛
628,808,34.2166,238,137,67,515,12,0,50650,754,9,3,38992,50650,1,13,25,3180,3179103132,1494777895,false,113,132739889,The Summit 5
627,7843,0,237,132,50,452,7,0,67770,730,17,5,69925,67770,2,9,25,3224,4759814015,1558106536,true,113,236967886,Meister Division 2019
624,8044,95.1843,251,120,35,983,13,0,120054,987,11,8,97463,120054,2,10,25,4286,4926521428,1564135952,false,113,100895600,Betway Dota 2 Asia League - Season 2
622,1900,0,255,157,55,519,7,0,48566,711,6,6,55890,48566,1,10,25,3184,5112644464,1573742188,true,113,1014667163,Asian DOTA2 Gold Occupation  Competition
621,6996,1.00342,353,169,38,522,5,0,32577,866,15,3,18361,32577,1,8,24,2515,4218884954,1542175411,true,113,86745912,The Kuala Lumpur Major
620,9733,0,218,101,46,418,8,0,45157,644,23,13,68878,45157,2,23,25,3389,4841006595,1560606880,false,113,303673388,ESL SURA.BRAZEN.ID
620,3733,0,203,107,36,417,8,0,39958,756,11,5,27826,39958,2,24,25,2834,4218706625,1542160792,true,113,137193239,The Kuala Lumpur Major
618,3890,50.8064,182,89,31,419,6,0,40484,692,5,6,45145,40484,1,14,25,3175,4144123337,1538260104,true,113,86738694,WePlay League Season 3
618,2944,0,237,133,43,524,6,0,50844,736,25,4,36750,50844,1,8,25,2944,3561636602,1510664310,false,113,125581247,Dota Summit 8
617,2864,21.0718,269,129,46,332,7,0,27626,716,17,6,29164,27626,1,6,21,2102,5640799326,1601710100,false,113,100895600,The Nationals - Season 2
616,13230,59.0387,388,203,56,748,7,0,94460,783,26,2,72637,94460,1,7,28,3425,5230737950,1581070534,true,113,100895600,ESL One Los Angeles 2020 powered by Intel
616,10063,0,315,180,68,714,12,0,70561,768,8,7,63334,70561,2,7,27,3715,5243942830,1581768963,false,113,196493853,DPC 2019/2020 Qualifier #3
616,8574,54.481,256,131,54,559,9,0,59501,621,13,6,62337,59501,2,10,25,3924,3455692795,1505930916,true,113,95430068,PGL DOTA2 OPEN
615,7497,0,249,132,41,675,11,0,86267,859,4,6,97804,86267,2,10,26,3467,5754198235,1608710057,false,113,452376367,虎牙DOTA2冬季邀请赛
615,1102,0,162,116,39,263,7,0,26554,552,19,10,44698,26554,1,9,24,2525,4453549139,1550933832,false,113,392351802,Iran Dota2 League – S5
614,1511,0,175,98,36,497,11,0,53984,715,16,6,61348,53984,2,8,25,3328,4128234098,1537466894,false,113,86822085,The Kuala Lumpur Major
612,3120,74.7014,259,143,44,892,8,0,81396,820,11,7,73931,81396,1,12,25,4620,5046247665,1569755817,true,113,202217968,ESL One Hamburg 2019 powered by Intel
612,2363,0,236,126,36,428,7,0,37062,708,7,8,48021,37062,1,12,25,2897,4183538183,1540327506,false,113,107603651,joinDOTA League #14
609,1248,0,291,166,51,326,2,0,19100,652,8,1,26593,19100,1,2,20,1952,5739035950,1607764804,false,113,898754153,AMD SAPPHIRE OGA DOTA PIT CHINA
608,2273,0,301,152,46,318,4,0,20453,668,7,4,23686,20453,2,4,20,1917,5595036455,1598955375,false,113,97590558,OMEGA League
607,6674,0,188,81,28,693,7,0,69237,842,13,13,115184,69237,3,7,27,3703,5680657222,1604162357,false,113,477425014,DIGI CUP MONTHLY
606,3589,0.468125,180,88,31,469,9,0,35042,719,8,7,47697,35042,1,24,25,3069,3275836225,1498497418,true,113,55649904,CZ-SK Dota 2 League Season 10
605,9498,0,194,110,46,703,9,0,74087,787,6,6,77319,74087,1,20,25,3831,5046478478,1569763238,false,113,362895381,YouTube SIVVIT - Big Russian Show
605,6294,53.7113,325,143,39,740,9,0,100104,798,21,2,68437,100104,1,8,26,3272,5467456690,1591984362,false,113,390283824,IRESL/ELIGO
604,8126,0,266,156,51,789,10,0,90354,870,20,6,77099,90354,1,14,27,3730,5654889512,1602577724,false,113,301750126,Moon Studio Mid-Autumn League
604,2138,31.4406,267,142,50,363,6,0,47992,698,12,7,57208,47992,1,12,23,2547,5720547292,1606574759,false,113,1068489645,"LIGA KBBD "
604,1478,0,177,108,40,225,7,0,24597,525,16,5,23259,24597,1,12,22,2018,3328038592,1500680998,false,113,86725175,DreamLeague season 7
603,4446,0,342,209,31,523,11,0,56230,703,4,8,57081,57715,1,5,25,2846,5446954733,1590950530,false,113,58513047,ESL One Birmingham 2020 Online powered by Intel
603,937,0,257,103,33,319,4,0,33832,620,11,6,52161,33832,1,8,22,2292,5811751565,1612098975,false,113,131242096,YouTube SIVVIT - Big Russian Show
602,2055,29.7012,176,107,42,352,12,0,53565,714,32,5,37943,53565,1,18,25,2827,4174738809,1539874543,true,113,199133117,DOTA Summit 9
602,0,0,295,156,46,366,7,0,24557,644,12,7,35312,24557,1,3,22,2116,3517348834,1508695506,false,113,94054712,D2CL
601,9488,0,232,110,46,469,10,0,38938,844,17,5,32568,38938,1,12,25,2859,3930496811,1528012291,true,113,97590558,CHINA DOTA2 SUPER MAJOR
600,4980,0,243,141,36,302,6,0,18503,632,21,6,26733,18503,1,6,21,2025,4953703489,1565219041,false,113,86822085,Dota2 Battle
599,5486,0,309,148,56,616,9,0,59127,850,15,3,63742,59127,1,3,25,3120,5591321324,1598747392,false,113,97658618,Movistar Liga Pro Gaming Season 5
599,1072,0,302,163,53,338,6,0,24972,679,17,7,27143,24972,1,6,21,2004,4921946961,1563949690,false,113,907220653,Betway Dota 2 Asia League - Season 2
598,4221,0,286,165,51,572,7,125,56797,854,15,5,48188,56797,1,11,24,2813,5617848551,1600306435,false,113,119315361,BTS Dota 2 Online
597,11688,17.1584,182,104,41,493,14,0,36246,707,16,6,45386,36246,1,12,25,3119,3457676571,1506018922,true,113,19672354,SL i-League Invitational Season 3
597,3211,0,340,162,51,471,3,0,22317,741,21,4,36412,22317,1,5,23,2411,5860532027,1614510087,false,113,148215639,DPC Winter 21 League (CN) presented by Perfect World
597,3023,0,154,112,44,334,7,0,39184,648,13,5,29559,39184,1,14,25,2768,2997921628,1487086255,false,113,119939006,ProDotA Cup Series by Azubu.tv
596,14462,0,159,82,31,641,15,0,90124,767,13,9,87373,90124,1,32,25,4481,3625801090,1513579808,true,113,376376587,ProDotA Cup Series
594,3408,0,239,176,65,493,9,0,60225,620,16,7,72162,60225,1,8,25,3066,5196833892,1579013802,false,113,157563163,ESL India Premiership 2019 - Masters League
594,1999,0,246,129,39,277,7,0,24245,649,9,6,23409,24245,1,3,21,1983,4900754747,1563007567,false,113,202217968,The International 2019
594,1385,0,151,83,40,188,7,0,24560,556,11,6,22811,24560,1,13,22,2055,3171605926,1494510846,false,113,122575358,BEYOND GODLIKE LEAGUE
593,12199,47.7604,303,163,38,580,6,0,64588,727,16,5,78840,64588,1,13,27,3239,5299074432,1584521287,true,113,205984096,Asian Hero League
593,1968,0,212,97,31,378,4,0,26935,671,39,6,49048,27523,1,7,24,2534,4483975919,1551557325,false,113,97590558,Tug of War: Radiant
590,5509,0,246,133,36,338,8,0,21515,696,25,7,28946,21515,1,7,22,2149,4824497254,1560061252,false,113,313744564,redrain cup
590,5468,29.6343,246,149,55,545,12,0,54486,790,25,4,63166,55475,2,8,25,3143,4766200282,1558273730,true,113,88585077,VARENA赛事
590,3232,0,178,93,38,231,3,0,22122,557,16,7,42872,22122,1,7,22,2313,4838076539,1560517972,false,113,303673388,"Hardstyle Minor League "
589,2103,0,188,105,34,439,13,0,56835,647,12,7,48551,57362,2,9,25,3007,3510438236,1508408841,false,113,97590558,PGL DOTA2 OPEN
588,14954,0,271,161,53,762,20,0,108009,820,18,8,70250,108009,1,20,25,4629,4191416987,1540726968,true,113,311032157,Meister Division 2019
587,2065,0,309,160,60,565,4,0,39880,690,11,5,43089,39880,2,6,25,2831,3467935265,1506452525,false,113,94054712,Perfect World Masters
587,348,0,238,130,47,270,6,0,31775,654,12,5,24491,31775,1,2,20,1910,4762868736,1558190412,false,113,189448537,ESL India Premiership 2019 - Masters League
586,7464,0.602002,344,170,52,651,5,0,53658,741,11,5,46634,53658,1,5,24,2919,5407741698,1589116512,false,113,149486894,2020 DPL-CDA中国DOTA2职业联赛
586,1323,25.2534,228,133,44,534,3,0,59500,664,14,6,68947,59500,2,14,25,3359,4770716099,1558425230,false,113,113435203,StarLadder ImbaTV Dota2 Minor #2
585,2087,56.1914,266,136,61,492,5,0,55521,659,16,3,40581,55521,1,6,25,3070,4141868345,1538153153,false,113,96183976,ESL One Hamburg 2018 powered by Intel
584,655,0,189,116,56,345,7,0,35492,645,14,9,56258,35492,2,7,24,2605,4456915790,1551010598,false,113,94054712,ESL One Katowice 2019 powered by Intel
584,318,0,203,92,35,272,5,0,31769,585,10,6,27498,31769,1,5,22,2257,4224189618,1542460430,false,113,188409855,E-SPORT LEAGUE-DICKYGAMING
582,3097,115.27,268,122,47,722,12,0,87027,735,17,7,83423,87027,2,11,25,4385,4157751843,1538936401,false,113,95430068,MC Autumn Brawl
581,3461,145.08,271,155,56,828,6,0,109002,780,22,3,130558,109002,2,14,25,5492,4898481037,1562908189,true,113,88585077,The International 2019
580,3548,0,236,129,55,502,12,0,42679,729,8,6,44905,42679,1,8,25,3023,3364103347,1502220649,false,113,55649904,CZ-SK Dota 2 League Season 10
580,2616,77.354,198,108,33,570,9,0,51647,638,12,9,56601,51647,2,15,25,4177,3476461413,1506847074,false,113,177416702,AMD SAPPHIRE Dota PIT
579,761,0,191,87,28,286,4,0,17851,544,6,6,37899,17851,2,10,23,2474,4855700213,1561133386,false,113,137189654,Meister Division 2019
578,5786,116.022,266,135,41,803,13,0,75775,827,9,2,68067,75775,1,22,25,4356,4184256906,1540379115,true,113,86738694,ESL One Hamburg 2018 powered by Intel
577,5436,0,281,153,49,763,11,0,78086,808,11,4,81705,78086,1,12,28,3979,5248444844,1582005671,false,113,113435203,StarLadder ImbaTV Dota 2 Minor
577,2558,38.3306,252,127,56,548,4,0,53736,720,7,8,72082,53736,2,12,25,2934,4942917457,1564768743,false,113,58513047,Loot.bet/dota Season 1
575,4736,0,283,157,49,575,6,0,74300,633,14,4,52345,74300,1,4,25,3303,5249029414,1582033851,false,113,113435203,StarLadder ImbaTV Dota 2 Minor
574,279,0,186,94,34,250,6,0,30859,621,2,10,30451,30859,1,8,22,2147,4154878794,1538817949,false,113,194673410,Asia Pro League
573,269,0,316,160,45,406,3,0,17902,614,13,4,28275,17902,1,4,21,2147,5818469831,1612505147,false,113,877696078,WCAA冬季电子竞技挑战赛
572,6904,0,192,94,31,413,9,0,35071,739,11,4,40720,35071,1,11,25,2853,3932294528,1528090107,true,113,97590558,CHINA DOTA2 SUPER MAJOR
572,3849,0,232,96,41,590,6,0,32465,759,17,7,27467,32465,1,12,25,3244,4255028755,1543972357,false,113,177648913,The Bucharest Minor 2019
572,1443,0,227,118,37,371,7,0,29121,669,12,7,27494,29121,1,8,23,2522,4142708926,1538204481,false,113,132309493,ESL One Hamburg 2018 powered by Intel
572,1039,14.0359,237,117,30,481,9,0,49042,706,12,8,55741,49042,1,6,24,2890,4906892061,1563280392,false,113,313744564,中国DOTA2发展联赛
570,3619,0,270,134,31,453,1,0,17189,730,21,6,28702,17189,1,2,23,2522,4253515444,1543890766,false,113,177648913,The Bucharest Minor 2019
570,1586,0,277,145,45,651,3,0,59835,837,22,5,74063,59835,2,8,25,3299,5738959751,1607760096,false,113,137193239,AMD SAPPHIRE OGA DOTA PIT CHINA
569,8612,25.6206,191,119,47,422,10,0,38798,780,14,4,20170,38798,1,16,24,2666,4179409778,1540110981,true,113,132309493,DOTA Summit 9
569,4545,83.5522,195,107,44,431,11,0,62401,675,6,6,63949,62401,1,29,25,3379,4164691151,1539340791,true,113,100895600,Asia Pro League
568,1133,0,237,122,29,450,5,0,39783,750,7,2,37714,39783,1,7,24,2731,4185885004,1540471331,false,113,100895600,Flame Cup
567,3088,0,393,246,75,682,7,0,50272,766,7,6,55955,50272,1,4,24,2886,5236677569,1581358845,false,113,241519559,DPC 2019/2020 Qualifier #3
567,940,0,168,91,27,286,6,0,65383,575,27,10,57288,65383,1,13,24,2682,4967602648,1565834610,true,113,121769650,The International 2019
564,9345,22.5554,210,87,31,351,5,0,31115,673,13,8,43371,31115,1,15,25,2940,4227460963,1542623885,true,113,91248405,AEF Dota 2 Pro League Season 1
564,491,0,95,42,33,186,12,0,61399,401,7,8,48994,61399,1,15,23,2634,5380585737,1587913822,false,113,219979699,EGB Isolation Cup
563,16138,0,97,47,21,283,3,0,43989,584,17,9,37613,43989,1,12,25,3309,4346159964,1547923320,true,113,303673388,"ABOY PRO GAMING LEAGUE "
563,1630,0,233,117,43,306,4,0,34775,582,13,6,33518,34775,1,8,22,2273,5007371065,1567695773,false,113,968619750,DOTA 2 INDONESIA ONLINE PROFESSIONAL TOURNAMENT 2019
563,419,0,224,122,42,240,2,0,18730,554,14,4,19956,18730,1,2,21,2101,4125531127,1537326956,false,113,126417273,The Kuala Lumpur Major
563,231,0,235,139,49,359,2,0,29977,629,9,3,29540,29977,1,5,22,2335,4765016352,1558251631,false,113,104611628,VARENA赛事
562,1157,0,201,96,37,372,2,0,27057,691,19,9,43717,27057,1,13,23,2587,4018394848,1532247677,false,113,354185791,D2CL
561,4522,0,131,82,32,287,4,0,18910,633,9,5,21803,18910,1,18,24,2610,4066499119,1534608015,true,113,116585378,The International 2018
561,3850,0,228,134,49,409,4,0,38733,643,27,6,47394,38733,2,8,24,2869,3727299885,1518277253,false,113,96183976,Dota2 Asia Championships 2018
561,2444,0,253,131,39,284,4,0,27027,613,11,8,29073,27027,1,2,20,1945,5624884544,1600707049,false,113,58513047,AMD SAPPHIRE OGA DOTA PIT EU/CIS
560,5112,0,251,150,40,294,5,0,36792,545,17,5,33414,36792,1,10,21,2097,5299296203,1584530115,false,113,150862738,"Thailand Celestial Cup "
559,16997,0,245,141,41,553,12,376,103528,601,11,8,116546,103528,1,19,27,4290,5444494373,1590855555,false,113,86738694,ESL One Birmingham 2020 Online powered by Intel
559,800,0,258,113,46,404,11,0,43993,676,9,6,35285,44935,1,7,22,2245,5053948533,1570190351,false,113,1005616166,Tehran Electronic sports League
558,2684,0,245,150,48,494,5,0,41564,734,13,5,40617,41564,2,9,24,2952,4571162988,1553450543,false,113,107803494,DreamLeague Season 11
558,1720,0,166,97,30,222,5,0,28597,553,22,6,23281,28597,1,6,22,2303,4331804852,1547384450,false,113,362895381,YouTube SIVVIT - Big Russian Show
558,1473,24.5837,225,94,40,393,11,0,34293,650,6,6,41484,34293,1,8,24,2762,3463301157,1506252642,false,113,107803494,SL i-League Invitational Season 3
558,849,24.5503,191,116,45,259,3,0,27399,584,9,9,41935,27399,1,4,21,2161,5846432218,1613823153,false,113,389022189,DPC Winter 21 League (SEA) presented by PGL
556,2731,14.0479,248,149,41,352,7,0,37375,651,23,7,36008,37590,1,7,22,2417,4719809516,1556978771,false,113,105248644,MDL Disneyland® Paris Major
555,4013,0,174,73,34,597,13,0,64287,800,8,7,41226,64287,1,14,25,3653,4192828954,1540803829,false,113,123312428,AEF Dota 2 Pro League Season 1
555,3629,0,221,123,49,265,4,0,22439,562,22,2,28412,22439,1,3,21,2069,5098397987,1572811261,false,113,874498335,Dotabuff Reach - Pinnacle Division
554,1717,0,174,107,43,299,7,0,36913,601,5,6,46596,36913,2,7,22,2473,5574032499,1597766969,false,113,133558180,OMEGA League
553,4878,20.8045,189,107,45,346,3,0,44679,646,21,5,48344,44679,1,18,24,2757,3570802617,1511088083,true,113,86822085,Perfect World Masters
553,613,0,213,134,46,214,4,0,28402,534,26,5,29029,28402,1,5,19,1860,5622951223,1600600389,false,113,355168766,BTS Dota 2 Online
553,40,0,247,112,33,373,6,0,32582,623,9,6,40041,32582,1,12,23,2499,4853330119,1561041571,false,113,313744564,ZBT INVITATIONAL
552,1427,0,216,135,37,366,4,0,44881,641,10,7,42045,44881,1,5,22,2481,4936516542,1564508274,false,113,1003093094,Tehran Esports Pro League
551,948,0,175,79,35,304,7,0,42782,550,6,13,77312,42782,1,9,24,2885,4835969515,1560436602,false,113,206250679,ESL SURA.BRAZEN.ID
550,3882,12.9106,195,123,47,266,5,0,14967,543,11,6,26137,14967,1,7,22,2334,4143666320,1538238375,false,113,172424257,WePlay League Season 3
550,1851,0,271,140,43,351,4,0,27404,685,24,4,21955,27404,1,4,21,2183,4212423876,1541835993,false,113,86725175,The Kuala Lumpur Major
549,3566,0,250,105,32,532,9,0,55241,740,6,11,76337,55241,2,8,27,3254,5863659511,1614681897,false,113,474527300,LPL Pro Dota 2 Season 1 2021
549,3078,21.0718,224,123,47,341,9,0,38611,646,18,11,55586,38683,1,14,23,2544,5011319564,1567885831,false,113,58513047,Reshuffle Madness 2019
549,1089,69.8379,251,134,45,588,1,0,39870,789,18,4,54594,39870,1,6,24,2931,5809509985,1611995998,false,113,152545459,DPC Winter 21 League (SEA) presented by PGL
548,11953,78.1736,212,129,55,661,17,0,70779,707,12,3,66634,70779,2,9,25,4339,3357776957,1501948824,true,113,43276219,The International 2017
547,1875,2.00684,250,128,27,344,6,0,32808,604,10,10,40905,32808,1,12,22,2313,4722127158,1557044789,false,113,389022189,The Nationals - Conference 2
546,3232,63.2611,241,137,47,486,7,0,79020,731,15,4,46922,79020,1,7,25,3122,4391033739,1549306499,false,113,86745912,DreamLeague Season 11
546,3076,0,304,156,44,333,5,0,28057,640,22,4,27442,28057,1,5,21,2152,4192051898,1540749544,false,113,121769650,ESL One Hamburg 2018 powered by Intel
546,2089,0,170,97,43,292,6,0,34918,542,14,9,35352,34918,2,17,23,2681,3369222705,1502454877,false,113,180990320,CONQUERORS INSIGNIA MINI (Season 1) Online qualifiers
545,5323,1.10341,211,121,44,403,9,0,56027,694,4,6,38423,56027,2,21,25,3079,3048576752,1489235453,true,113,152545459,Kiev Major
545,1945,0,184,118,30,238,7,0,49014,503,3,4,42214,49014,1,11,21,2166,5336242097,1586099147,false,113,141847436,EGB Isolation Cup
545,91,0,133,82,45,154,3,0,23416,463,21,9,29002,23416,1,9,20,1974,4482836515,1551538254,false,113,142137172,Iran Dota2 League – S5
544,8029,0,257,141,41,784,13,0,62435,933,19,2,27373,62435,1,7,25,3869,4124258165,1537259136,true,113,125581247,The Kuala Lumpur Major
544,7624,23.8731,179,108,34,627,7,0,78524,827,12,7,78500,78573,1,10,27,3557,5571408148,1597611003,false,113,110583422,ESL One Thailand 2020 Online powered by Intel
544,6846,61.3479,211,131,54,633,15,0,82250,812,26,7,66760,82250,2,20,25,3977,3153803108,1493753180,true,113,64444715,CZ-SK Dota 2 League Season 9
544,5241,0,256,162,46,501,3,0,80483,732,7,4,51753,80483,1,7,24,3066,5693510359,1604897339,false,113,187673594,Wild Freedom CUP
544,2802,0,151,95,44,423,8,0,29134,625,11,5,33731,29134,2,15,25,3377,4191153226,1540717226,false,113,362895381,"Russian Pro League "
544,1853,0,209,107,43,367,3,0,33508,635,14,8,43989,33508,1,7,22,2493,5656984992,1602710270,false,113,116585378,ESL One Germany 2020 Online powered by Intel
543,6214,9.80005,196,100,41,294,6,0,24456,692,28,5,19293,24456,1,21,22,2338,4065128649,1534546172,true,113,116585378,The International 2018
543,288,0,154,96,46,220,8,0,26770,547,16,7,41811,26770,2,11,22,2278,4511007332,1552136647,false,113,117332076,Meister Division 2019
542,10385,58.4802,270,123,44,1092,14,0,112628,973,10,4,93304,112628,1,6,28,4176,5559672384,1596964435,false,113,136390858,OMEGA League
542,148,0,126,77,39,126,5,0,26544,430,11,10,46184,26544,1,12,19,1808,4982443375,1566561884,false,113,295776382,Meister Division Rookies 2020
540,1604,18.6042,208,125,51,469,10,0,53797,672,16,4,44197,53797,1,5,25,3464,3475545875,1506804048,false,113,132739889,Perfect World Masters
540,0,0,241,135,30,304,2,0,15003,590,18,5,25868,15003,1,3,21,2139,4222272054,1542369724,false,113,152545459,The Kuala Lumpur Major
539,2417,0,208,100,36,459,8,0,49858,631,10,6,30861,49858,2,15,25,3332,3534072673,1509476626,false,113,86576108,ProDotA Cup Series
539,1782,0,208,130,44,332,6,0,36075,631,11,7,32194,36589,1,13,22,2402,4388132650,1549217712,false,113,86822085,DreamLeague Season 11
538,6183,0,143,84,28,384,7,0,28452,610,10,8,39309,28452,1,10,25,3599,4194727945,1540904726,true,113,303673388,E-SPORT LEAGUE-DICKYGAMING
537,5805,0,201,121,38,216,8,0,22548,632,24,5,21206,22548,1,16,20,2046,4063402142,1534450966,true,113,97590558,The International 2018
535,1003,0,240,113,42,345,3,0,27733,634,17,10,37478,27733,1,4,21,2322,4945888303,1564891604,false,113,881188020,ASIA CHALLENGER LEAGUE
534,631,32.8118,239,124,40,258,4,0,22136,564,11,5,30441,22136,1,3,19,2006,5862150652,1614596402,false,113,452376367,CDA-FDC富名文贺DOTA2职业锦标赛
534,315,0,244,127,40,280,8,0,25434,643,9,7,34249,25434,1,4,20,2047,4900655165,1563004202,false,113,202217968,The International 2019
533,5333,32.5183,275,168,53,686,6,0,63394,892,13,6,60416,63417,2,18,25,3489,4078412913,1535152122,true,113,94054712,The International 2018
532,6355,41.7773,240,126,47,567,7,0,41481,750,15,11,63632,41481,2,27,25,3566,4126168984,1537361362,true,113,95430068,The Kuala Lumpur Major
531,9891,62.0272,352,184,66,841,9,0,67547,851,19,1,78782,67547,1,3,28,4437,5630460553,1601060450,false,113,152455523,AMD SAPPHIRE OGA DOTA PIT EU/CIS
529,3689,0,252,138,42,285,4,0,19239,643,12,11,34559,19403,1,5,19,1940,4950632309,1565088601,true,113,287858366,ASIA CHALLENGER LEAGUE
529,2579,0,174,105,45,451,5,0,42337,703,5,6,44003,42337,1,18,25,3251,3137046741,1493013764,false,113,311360822,Kiev Major
526,2408,37.2263,207,100,29,383,3,0,30316,662,16,5,32373,30316,1,6,24,2856,3842412322,1524244010,false,113,95430068,CHINA DOTA2 SUPER MAJOR
526,2369,0,211,105,34,427,1,0,25340,693,23,13,47041,25340,2,7,23,2610,4374587248,1548843003,false,113,356343152,VARENA赛事
523,4538,0,207,140,59,646,9,0,53900,648,31,5,56103,53900,1,9,25,3990,3277886933,1498585057,false,113,14353349,CZ-SK Dota 2 League Season 10
522,4517,9.43213,285,154,59,521,8,0,40421,847,24,5,30325,40421,1,11,23,2756,4158898658,1539005204,false,113,337575662,Asia Pro League
522,3677,0,165,107,38,445,18,0,71455,665,14,11,73277,73028,2,9,25,4036,3597234172,1512313805,true,113,116585378,DreamLeague season 8
521,9820,0,178,90,31,452,6,0,53630,706,7,9,59244,53630,1,8,24,3182,5573909161,1597762225,false,113,133558180,OMEGA League
521,898,28.865,229,144,53,229,2,0,13596,534,8,1,16514,13596,1,3,18,1808,5813080397,1612168247,false,113,452376367,DPC Winter 21 League (CN) presented by Perfect World
521,497,0,278,121,41,433,5,0,33449,709,11,4,33563,33449,1,5,23,2667,4161572009,1539159274,false,113,152545459,Asia Pro League
520,1161,0,207,109,50,291,8,0,30968,621,29,5,19806,30968,1,2,21,2174,3203076227,1495713005,false,113,107760953,ESL India Premiership - 2017 Edition
520,700,0,232,139,53,252,5,0,20341,576,12,5,27164,20341,1,8,19,1953,5781023114,1610298003,false,113,374875067,DPC Winter 21 Qualifier (WEU) presented by DreamLeague
517,4248,0,138,82,32,247,7,0,22783,601,12,7,23184,22783,1,12,21,2322,3176565030,1494702735,false,113,90603490,Dota 2 BEAT Invitational Season 8
515,3827,47.7786,209,108,33,667,7,0,55657,775,14,7,47445,55953,2,13,25,3954,4223835352,1542447968,true,113,349495318,ACER PREDATOR LEAGUE 2019 | INDIA QUALIFIERS
512,382,0,218,108,39,224,4,0,15033,552,5,9,26994,15033,1,4,18,1903,5600502553,1599290189,false,113,126314535,Oceanic Esports Dota League Season 2
509,0,0,93,59,33,175,3,0,40991,461,11,7,34367,40991,2,12,22,2477,3250888641,1497537317,false,113,100773514,"Dota 2 The Open Tournament "
507,1174,0,260,140,41,321,3,0,33837,520,11,7,33249,33837,1,5,20,2130,5242051468,1581671205,false,113,385763597,DPC 2019/2020 Qualifier #3
506,1649,24.5869,228,129,38,541,7,0,47548,704,25,5,47112,47548,1,5,25,3251,3856618664,1525005268,false,113,96183976,EPICENTER XL
504,10099,0,153,76,22,249,2,0,21134,564,13,7,21835,21134,1,6,21,2389,4372179853,1548764191,false,113,303673388,E-SPORT LEAGUE-DICKYGAMING
503,14151,0,229,122,39,1081,7,0,85718,991,5,3,90209,85718,1,13,26,4355,5777430832,1610112648,true,113,119315361,DPC Winter 21 Qualifier (CIS) presented by ESL One
503,1373,0,241,113,37,312,5,0,25536,663,7,6,41599,25536,2,2,22,2415,3164810863,1494228212,false,113,101908305,Niu League 2017 Season 2
500,628,18.4296,253,138,36,354,2,0,16261,604,18,6,22419,16261,1,2,21,2343,4969405346,1565935258,false,113,106573901,The International 2019
499,1248,0,191,105,38,303,3,0,23157,569,13,8,39437,25147,1,8,22,2647,4466140951,1551193354,false,113,392351802,Iran Dota2 League – S5
495,5330,2.64179,205,115,50,690,14,0,88335,654,17,3,104037,88335,1,14,25,4855,3192339358,1495261691,false,113,21289303,SL i-League Invitational Season 2
492,610,0,259,154,40,397,3,0,27932,565,23,6,37402,27932,2,4,21,2532,5212015318,1580033226,false,113,107803494,DreamLeague Season 13
491,3633,0,202,120,50,279,8,400,20765,606,25,10,42142,20765,1,5,21,2377,4147031306,1538402199,true,113,157563163,AMD GameOn 2018
491,529,0,224,103,34,406,7,0,46650,631,9,6,51528,46650,1,13,22,2627,4903091581,1563102120,false,113,58513047,The International 2019
490,3222,0,248,137,60,466,6,0,36189,630,22,5,60657,36189,2,8,24,3205,3615511131,1513157687,false,113,129870089,ESL India Premiership - 2017 Edition
490,2029,0,285,148,44,394,2,0,22265,671,7,5,41435,22265,1,7,21,2363,5098853047,1572850692,false,113,216656155,中国DOTA2发展联赛
490,1058,0,236,115,45,428,7,0,46760,534,9,6,44657,46760,1,8,22,2685,5354826110,1586854078,false,113,202217968,CDA中国DOTA2职业联赛
490,937,0,256,142,40,289,4,0,25368,545,17,4,31655,25368,1,1,19,2079,5067110736,1570946316,false,113,906563731,威客黎明之战
489,1958,0,173,81,32,227,4,0,22557,528,19,9,30776,22557,1,9,20,2147,5000375659,1567339833,false,113,846325932,Goodgaming Shop Tournament Pro Season 2
488,125,0,92,50,32,95,7,0,34053,334,11,15,40685,34053,1,8,18,2003,5576136610,1597900155,false,113,1023568179,StarLuck Cup
487,3746,84.7878,321,141,46,1143,2,0,93258,838,16,6,127007,93258,2,5,25,4503,5772822247,1609832819,false,113,129683931,DPC Winter 21 Qualifier (CN) presented by Perfect World
487,392,0,179,78,29,264,6,0,19039,571,17,8,43803,19039,1,2,20,2291,3694623523,1516684059,false,113,86822085,ESL One Genting 2018
486,2987,162.694,286,141,51,691,3,0,86063,761,10,4,105594,86063,1,6,26,3963,5781023522,1610298021,false,113,1103355581,DPC Winter 21 Qualifier (CIS) presented by ESL One
485,5145,28.6218,281,176,55,896,7,0,91179,741,38,5,98165,91179,1,5,27,4491,5243330224,1581742774,false,113,137129583,DPC 2019/2020 Qualifier #3
485,2512,0,257,146,56,306,2,0,16519,612,17,6,23626,16519,1,2,19,2092,5627701366,1600883501,false,113,97590558,AMD SAPPHIRE OGA DOTA PIT EU/CIS
482,2958,0,193,128,74,282,8,0,32018,632,14,5,35870,32018,2,8,21,2467,3137643518,1493039028,false,113,19672354,Kiev Major
482,694,0,227,124,47,368,7,0,43540,482,12,6,48752,43540,1,5,21,2470,5236513013,1581350970,false,113,85937380,DPC 2019/2020 Qualifier #3
481,14148,36.7916,139,54,17,445,15,0,48709,795,17,2,47667,48709,1,10,25,3429,2927280729,1484913009,true,113,257267713,VivaWin Grand Slam Dota 2 Tournament
481,795,0,238,124,38,238,1,0,19679,525,10,7,24192,19679,1,1,17,1802,5704477976,1605582715,false,113,355168766,Artisan Dota League
480,1962,0,174,96,37,189,4,0,12580,537,15,5,23871,12580,1,7,19,2098,4299220928,1546010884,false,113,141633986,E-SPORT LEAGUE-DICKYGAMING
479,2095,24.5837,229,120,39,344,2,0,17536,598,21,7,27694,17536,1,4,21,2480,4904559162,1563170800,false,113,110142194,Radiance Cup
476,232,0,182,83,34,186,3,0,15439,469,10,8,18634,15439,1,6,18,1907,3875282308,1525799195,false,113,118247752,CZ-SK Dota 2 League Season 10
475,634,0,174,114,47,182,3,0,19656,449,15,4,31405,19656,1,1,18,1899,5692178441,1604823414,false,113,118233883,Perfect World League
474,2798,0,285,174,68,429,6,0,47226,717,18,4,39184,47226,1,1,22,2581,4145558195,1538323496,false,113,94786276,ESL One Hamburg 2018 powered by Intel
474,1096,0,234,128,39,357,3,0,39530,600,11,3,61979,39530,1,2,21,2565,5067615530,1570967590,false,113,196115648,VARENA赛事
472,931,26.5117,177,110,26,324,4,0,41571,583,8,7,38468,41571,2,11,23,2882,4161551269,1539158010,false,113,186627166,Asia Pro League
468,370,0,243,122,25,348,5,290,17455,640,15,6,26848,17455,1,6,20,2347,3805446809,1522316213,false,113,125581247,Dota2 Asia Championships 2018
467,4860,38.2637,161,104,52,250,6,0,28285,512,19,1,15684,28285,1,20,22,2743,4070838238,1534821698,true,113,137193239,The International 2018
464,4554,0,292,182,56,566,3,0,42821,747,5,6,54361,42821,1,4,23,3071,4416433905,1550007150,false,113,86822085,StarLadder ImbaTV Dota2 Minor
464,1818,0,211,118,48,333,4,0,35911,489,9,6,36349,35911,1,5,21,2671,5396553207,1588604702,false,113,230328929,EGB Isolation Cup
463,1495,31.6077,222,110,43,350,7,0,32582,642,22,7,42639,32582,1,6,21,2601,4123968185,1537240660,false,113,107803494,The Kuala Lumpur Major
462,43,0,195,93,37,272,1,0,16636,546,16,5,30362,16636,1,6,19,2166,5033052945,1569054811,false,113,147267417,ESL One Hamburg 2019 powered by Intel
461,4636,30.738,243,131,38,459,3,0,46190,699,8,4,58676,46190,1,6,22,2911,5811577797,1612093742,false,113,119315361,DPC Winter 21 League (EEU) presented by ESL One
460,2169,0,239,136,64,403,5,0,31025,789,26,2,26565,31025,1,9,21,2530,4067035268,1534638635,true,113,116585378,The International 2018
459,4214,8.33398,105,59,22,262,3,0,47527,472,9,13,58287,47527,2,19,25,3654,3103350363,1491564503,false,113,84016585,AEF Season 1
458,765,0,182,82,40,232,6,0,22804,450,11,7,26247,22804,1,3,20,2225,4066909869,1534628468,false,113,86725175,The International 2018
458,232,0.13374,169,77,27,367,1,0,16708,540,3,9,35375,16708,1,14,22,2709,3504143591,1508090341,false,113,84772440,SL i-League Invitational Season 3
457,2942,0,182,102,36,421,12,0,67989,637,3,8,76967,67989,3,19,25,3542,3124453404,1492448885,true,113,132739889,Captains Draft 3.0 Presented by DotaCinema & MoonduckTV
457,762,0,260,119,31,426,1,0,13455,661,8,6,25670,13455,1,3,21,2445,4216161894,1542015341,false,113,154715080,The Kuala Lumpur Major
454,6410,0.936211,168,99,56,499,21,0,63641,730,10,14,47891,63641,2,28,25,3664,2845135861,1481707555,true,113,186627166,Dota 2 Professional League 2016
453,10341,0,157,82,37,464,4,0,29024,616,11,11,47164,29024,3,19,25,3655,2852293444,1481964029,true,113,130780268,ESL One Genting 2017
452,258,0,140,93,30,192,5,0,24037,460,12,8,33698,24037,1,10,19,2160,4930491688,1564283467,false,113,218497450,Asian DOTA2 Gold Occupation Invitational Competition S2
445,10805,82.9322,176,101,34,422,23,0,71517,728,21,7,53077,71517,1,21,25,3661,3125864202,1492521616,false,113,64444715,CZ-SK Dota 2 League Season 9
445,625,0,131,76,30,225,5,0,21503,483,13,5,25359,21503,1,19,21,2525,4268357061,1544692784,false,113,177164090,JD.ID High School League Indonesia
444,1133,38.9997,212,102,38,239,4,0,23878,543,8,8,30144,23878,1,6,17,1945,5773436716,1609862279,false,113,114027802,DPC Winter 21 Qualifier (CIS) presented by ESL One
444,709,0,139,99,52,229,7,0,20261,525,16,4,22402,20261,1,5,21,2520,3139522868,1493130182,false,113,19672354,Kiev Major
442,21,0,157,92,38,157,4,0,25302,455,1,6,24638,25302,1,6,16,1829,5780758662,1610287843,false,113,177584942,YouTube SIVVIT - Big Russian Show
438,120,0,182,99,36,182,4,0,14174,499,24,5,17289,14174,1,4,17,1807,3937435514,1528336909,false,113,116585378,CHINA DOTA2 SUPER MAJOR
435,4836,0,330,185,68,528,4,0,71307,555,6,6,63510,71307,1,1,22,2936,5296483258,1584385640,false,113,58513047,Hot Price League
435,2348,14.7837,271,157,56,390,1,0,32134,620,19,7,37658,32134,1,7,21,2652,4136945756,1537886102,false,113,95430068,DreamLeague Season 10
434,892,0,177,127,59,193,5,0,36222,399,12,6,35956,36222,1,6,17,1968,5333564102,1586002586,false,113,146711951,"ESL SEA Championship "
433,963,24.6064,187,112,56,585,6,0,51772,628,18,7,48115,51772,2,6,24,3724,3362526195,1502155223,false,113,43276219,The International 2017
433,161,0,171,87,28,215,3,0,32553,438,11,3,31426,32553,1,10,19,2269,3448293617,1505590394,false,113,132739889,SL i-League Invitational Season 3
426,5514,0,267,168,57,396,5,0,37457,544,3,5,29937,37457,1,3,21,2679,5285930554,1583889191,false,113,97590558,LOOT.BET Dota Summit 12
426,220,0.023418,157,89,34,280,1,0,14072,519,11,9,43521,14072,1,2,19,2725,2750160277,1478042228,false,113,86700461,Captains Draft 3.0 Presented by DotaCinema & MoonduckTV
421,858,0,195,109,35,244,3,0,32072,519,17,3,18734,32072,1,11,18,2170,4745740115,1557673808,false,113,121769650,MDL Disneyland® Paris Major
421,845,0,107,61,35,185,5,0,33831,458,8,20,55883,33831,2,5,20,2493,4675184157,1555832132,false,113,404449984,TOURNAMENT SURA ESPORTS SEASON 1
420,462,0,179,114,27,184,1,0,14805,421,12,6,18624,14805,1,4,17,1933,4254783812,1543952477,false,113,230328929,The Bucharest Minor 2019
419,3673,19.3438,161,98,34,680,8,0,65895,693,29,9,88132,65895,2,15,25,4878,4185928469,1540472417,false,113,97590558,ESL One Hamburg 2018 powered by Intel
415,0,0,130,96,34,138,2,0,16027,384,1,11,27833,16027,1,3,16,1965,5623410051,1600616920,false,113,133558180,ESL One Germany 2020 Online powered by Intel
412,172,0,199,138,44,233,2,0,14025,534,8,3,18690,14025,1,7,18,2149,4239067211,1543150922,false,113,230328929,The Chongqing Major
411,1424,0,245,157,63,245,1,0,24622,421,7,7,22196,24622,1,4,16,1836,5348811459,1586612949,false,113,86738694,ESL One Los Angeles 2020 Online powered by Intel
399,1829,0,141,78,33,161,5,0,22519,490,2,6,19443,22519,1,8,16,2056,2749973259,1478031236,false,113,99643683,Captains Draft 3.0 Presented by DotaCinema & MoonduckTV
391,2279,0,285,166,56,412,1,0,29647,508,5,3,52066,29647,2,3,19,2649,5235231991,1581279293,false,113,86738694,DPC 2019/2020 Qualifier #3
378,2771,0,181,107,37,290,2,0,33354,437,10,6,32313,33354,1,8,19,2651,4196593865,1541001600,false,113,169359249,DreamLeague Season 10
365,625,0,134,80,33,134,2,0,11479,398,15,9,19715,11479,1,2,15,1800,4342808289,1547821372,false,113,483792921,Meister Division 2019
363,918,0,154,106,62,169,2,0,17592,421,18,5,18163,17592,1,8,16,2048,3293480465,1499220068,false,113,19672354,2017 Mars Dota 2 League
360,205,0,151,83,31,202,1,0,20477,482,12,7,21849,20477,1,4,17,2218,4330084069,1547317098,false,113,97590558,The Bucharest Minor 2019
347,939,0,77,54,31,78,4,0,15305,369,8,11,24760,15305,1,9,15,1866,4197944568,1541080351,false,113,303673388,TNG League 1
347,27,2.50854,120,79,26,182,2,0,20634,424,10,9,35306,20634,1,12,17,2376,4155143880,1538828138,false,113,265315024,YouTube SIVVIT - Big Russian Show
326,729,0,107,77,21,107,0,0,13285,231,8,11,32225,13285,1,1,14,1818,5405364504,1589018533,false,113,318290016,ESL One Birmingham 2020 Online powered by Intel
305,14537,3.78265,174,104,39,721,14,0,77277,680,15,15,91724,77277,2,12,25,5467,3101485111,1491481188,true,113,177085220,ProDotA Cup Series by Azubu.tv